{
  "train_runtime": 3903.0143,
  "train_samples_per_second": 1.113,
  "train_steps_per_second": 0.07,
  "total_flos": 1.5930738885097267e+17,
  "train_loss": 1.2958359211792438
}